-- AU Bank Developer Portal - Database Seed Scripts
-- This file contains all insert scripts to populate the database with initial data
-- Run this script after setting up the database schema

-- =============================================================================
-- SESSION TABLE (for production session management)
-- =============================================================================
-- Sessions are created automatically by the application, no manual inserts needed

-- =============================================================================
-- USERS TABLE (Internal AU Bank Users)
-- =============================================================================

INSERT INTO users (id, email, first_name, last_name, department, role, employee_id, password_hash, is_active, created_at, updated_at) VALUES
('usr_admin_001', 'admin@aubank.in', 'Admin', 'User', 'IT Department', 'admin', 'EMP001', '$2b$10$rQkHHjWqxV5FT8gRz8vLXOm5CjqKQl3vV5YQ9f7LXe8jLcZxX5Q6S', true, NOW(), NOW()),
('usr_dev_001', 'john.doe@aubank.in', 'John', 'Doe', 'IT Department', 'developer', 'EMP002', '$2b$10$rQkHHjWqxV5FT8gRz8vLXOm5CjqKQl3vV5YQ9f7LXe8jLcZxX5Q6S', true, NOW(), NOW()),
('usr_dev_002', 'jane.smith@aubank.in', 'Jane', 'Smith', 'Digital Banking', 'developer', 'EMP003', '$2b$10$rQkHHjWqxV5FT8gRz8vLXOm5CjqKQl3vV5YQ9f7LXe8jLcZxX5Q6S', true, NOW(), NOW()),
('usr_mgr_001', 'manager@aubank.in', 'Project', 'Manager', 'IT Department', 'manager', 'EMP004', '$2b$10$rQkHHjWqxV5FT8gRz8vLXOm5CjqKQl3vV5YQ9f7LXe8jLcZxX5Q6S', true, NOW(), NOW());

-- =============================================================================
-- DEVELOPERS TABLE (Developer Profiles)
-- =============================================================================

INSERT INTO developers (id, user_id, name, email, department, team, projects_assigned, permissions, api_key, is_verified, created_at, updated_at) VALUES
('dev_admin_001', 'usr_admin_001', 'Admin User', 'admin@aubank.in', 'IT Department', 'Platform Team', '["API Portal", "Admin Panel"]', '{"sandbox": true, "uat": true, "production": true}', 'ak_admin_12345678901234567890', true, NOW(), NOW()),
('dev_001', 'usr_dev_001', 'John Doe', 'john.doe@aubank.in', 'IT Department', 'Backend Team', '["Payment APIs", "Customer APIs"]', '{"sandbox": true, "uat": false, "production": false}', 'ak_dev_12345678901234567890', true, NOW(), NOW()),
('dev_002', 'usr_dev_002', 'Jane Smith', 'jane.smith@aubank.in', 'Digital Banking', 'Frontend Team', '["Portal UI", "Admin Dashboard"]', '{"sandbox": true, "uat": true, "production": false}', 'ak_dev_23456789012345678901', true, NOW(), NOW());

-- =============================================================================
-- API CATEGORIES TABLE (9 Banking Categories)
-- =============================================================================

INSERT INTO api_categories (id, name, description, icon, color, display_order, is_active, created_at, updated_at) VALUES
('cat_authentication', 'Authentication', 'Secure authentication and authorization APIs for user identity management, token generation, and access control across all banking services.', 'Shield', '#8b5cf6', 1, true, NOW(), NOW()),
('cat_digital_payments', 'Digital Payments', 'Modern payment processing APIs supporting UPI, digital wallets, and instant payment solutions for seamless financial transactions.', 'CreditCard', '#10b981', 2, true, NOW(), NOW()),
('cat_customer', 'Customer', 'Essential APIs for integrating with core banking services. Run checks and validations using fundamental APIs such as KYC verification, account validation, and identity checks.', 'Users', '#2563eb', 3, true, NOW(), NOW()),
('cat_loans', 'Loans', 'Comprehensive loan management APIs for personal loans, home loans, and business financing with automated approval workflows and real-time status tracking.', 'DollarSign', '#16a34a', 4, true, NOW(), NOW()),
('cat_liabilities', 'Liabilities', 'Deposit and liability management APIs for fixed deposits, recurring deposits, and account balance inquiries with competitive interest rate calculations.', 'PiggyBank', '#dc2626', 5, true, NOW(), NOW()),
('cat_cards', 'Cards', 'Complete card lifecycle management APIs for credit cards, debit cards, including application processing, activation, and transaction monitoring.', 'CreditCard', '#7c3aed', 6, true, NOW(), NOW()),
('cat_payments', 'Payments', 'Enterprise payment processing APIs for domestic and international transfers, bulk payments, and specialized payment solutions for businesses.', 'Send', '#0891b2', 7, true, NOW(), NOW()),
('cat_trade_services', 'Trade Services', 'International trade finance APIs including Letters of Credit, Bank Guarantees, and trade documentation for import/export businesses.', 'Globe', '#ea580c', 8, true, NOW(), NOW()),
('cat_corporate', 'Corporate API Suite', 'Advanced corporate banking APIs designed for enterprise clients, featuring bulk operations, treasury management, and sophisticated financial services.', 'Building2', '#603078', 9, true, NOW(), NOW());

-- =============================================================================
-- API ENDPOINTS TABLE (32 Banking APIs)
-- =============================================================================

-- AUTHENTICATION APIS (3)
INSERT INTO api_endpoints (id, category_id, category, name, path, method, description, summary, parameters, headers, responses, request_example, response_example, documentation, tags, response_schema, rate_limits, timeout, requires_auth, auth_type, required_permissions, is_active, is_internal, status, version, created_at, updated_at) VALUES

('api_oauth_token', 'cat_authentication', 'Authentication', 'OAuth 2.0 Token', '/oauth/token', 'POST', 'Generate OAuth 2.0 access tokens for secure API authentication with configurable token expiration and refresh capabilities', 'Generate OAuth 2.0 access token', '[{"name": "grant_type", "type": "string", "required": true, "description": "OAuth grant type", "example": "client_credentials"}, {"name": "scope", "type": "string", "required": false, "description": "Access scope", "example": "banking:read banking:write"}]', '[{"name": "Content-Type", "required": true, "description": "Content type header", "example": "application/x-www-form-urlencoded"}, {"name": "Authorization", "required": true, "description": "Basic authentication header", "example": "Basic Y2xpZW50X2lkOmNsaWVudF9zZWNyZXQ="}]', '[{"statusCode": 200, "description": "Token generated successfully", "schema": {"access_token": "string", "token_type": "string", "expires_in": "number"}, "example": "{\\"access_token\\": \\"eyJhbGciOiJSUzI1NiIsInR5cCI6IkpXVCJ9\\", \\"token_type\\": \\"Bearer\\", \\"expires_in\\": 3600}"}]', 'grant_type=client_credentials&scope=banking:read', '{"access_token": "eyJhbGciOiJSUzI1NiIsInR5cCI6IkpXVCJ9", "token_type": "Bearer", "expires_in": 3600}', 'OAuth 2.0 token endpoint for secure API access authentication', '["authentication", "oauth", "security"]', '{"access_token": "string", "token_type": "string", "expires_in": "number"}', '{"sandbox": 100, "uat": 500, "production": 1000}', 30000, false, 'oauth2', '["sandbox"]', true, true, 'active', 'v1', NOW(), NOW()),

('api_jwt_refresh', 'cat_authentication', 'Authentication', 'JWT Token Refresh', '/auth/refresh', 'POST', 'Refresh expired JWT tokens to maintain continuous authenticated sessions without requiring user re-authentication', 'Refresh JWT authentication token', '[{"name": "refresh_token", "type": "string", "required": true, "description": "Valid refresh token", "example": "eyJhbGciOiJIUzI1NiIsInR5cCI6IkpXVCJ9..."}]', '[{"name": "Content-Type", "required": true, "description": "Content type header", "example": "application/json"}, {"name": "Authorization", "required": true, "description": "Bearer token", "example": "Bearer eyJhbGciOiJIUzI1NiIsInR5cCI6IkpXVCJ9..."}]', '[{"statusCode": 200, "description": "Token refreshed successfully", "schema": {"access_token": "string", "refresh_token": "string", "expires_in": "number"}, "example": "{\\"access_token\\": \\"eyJhbGciOiJIUzI1NiIsInR5cCI6IkpXVCJ9\\", \\"refresh_token\\": \\"eyJhbGciOiJIUzI1NiIsInR5cCI6IkpXVCJ9\\", \\"expires_in\\": 3600}"}]', '{"refresh_token": "eyJhbGciOiJIUzI1NiIsInR5cCI6IkpXVCJ9..."}', '{"access_token": "eyJhbGciOiJIUzI1NiIsInR5cCI6IkpXVCJ9", "refresh_token": "eyJhbGciOiJIUzI1NiIsInR5cCI6IkpXVCJ9", "expires_in": 3600}', 'JWT token refresh endpoint for session management', '["authentication", "jwt", "refresh"]', '{"access_token": "string", "refresh_token": "string", "expires_in": "number"}', '{"sandbox": 1000, "uat": 2000, "production": 5000}', 15000, true, 'bearer', '["sandbox"]', true, true, 'active', 'v1', NOW(), NOW()),

('api_user_profile', 'cat_authentication', 'Authentication', 'User Profile Management', '/auth/profile', 'GET', 'Retrieve authenticated user profile information including permissions, department details, and access levels', 'Get user profile information', '[]', '[{"name": "Authorization", "required": true, "description": "Bearer token", "example": "Bearer eyJhbGciOiJIUzI1NiIsInR5cCI6IkpXVCJ9..."}]', '[{"statusCode": 200, "description": "Profile retrieved successfully", "schema": {"user_id": "string", "email": "string", "department": "string", "permissions": "object"}, "example": "{\\"user_id\\": \\"usr_123\\", \\"email\\": \\"user@aubank.in\\", \\"department\\": \\"IT\\", \\"permissions\\": {\\"sandbox\\": true}}"}]', '', '{"user_id": "usr_123", "email": "user@aubank.in", "department": "IT", "permissions": {"sandbox": true}}', 'User profile management for authenticated sessions', '["authentication", "profile", "user"]', '{"user_id": "string", "email": "string", "department": "string", "permissions": "object"}', '{"sandbox": 1000, "uat": 2000, "production": 5000}', 10000, true, 'bearer', '["sandbox"]', true, true, 'active', 'v1', NOW(), NOW());

-- DIGITAL PAYMENTS APIS (3)
INSERT INTO api_endpoints (id, category_id, category, name, path, method, description, summary, parameters, headers, responses, request_example, response_example, documentation, tags, response_schema, rate_limits, timeout, requires_auth, auth_type, required_permissions, is_active, is_internal, status, version, created_at, updated_at) VALUES

('api_upi_payment', 'cat_digital_payments', 'Digital Payments', 'UPI Payment Processing', '/payments/upi', 'POST', 'Process UPI payments with real-time transaction status, supporting all major UPI apps and providing instant payment confirmation', 'Process UPI payment transaction', '[{"name": "vpa", "type": "string", "required": true, "description": "Virtual Payment Address", "example": "user@paytm"}, {"name": "amount", "type": "number", "required": true, "description": "Payment amount in INR", "example": 1000.00}, {"name": "reference", "type": "string", "required": true, "description": "Unique transaction reference", "example": "TXN123456789"}]', '[{"name": "Authorization", "required": true, "description": "Bearer token", "example": "Bearer eyJhbGciOiJIUzI1NiIsInR5cCI6IkpXVCJ9..."}, {"name": "Content-Type", "required": true, "description": "Content type", "example": "application/json"}]', '[{"statusCode": 200, "description": "Payment processed successfully", "schema": {"transaction_id": "string", "status": "string", "amount": "number"}, "example": "{\\"transaction_id\\": \\"UPI123456\\", \\"status\\": \\"SUCCESS\\", \\"amount\\": 1000.00}"}]', '{"vpa": "user@paytm", "amount": 1000.00, "reference": "TXN123456789"}', '{"transaction_id": "UPI123456", "status": "SUCCESS", "amount": 1000.00}', 'UPI payment processing with real-time status updates', '["payments", "upi", "digital"]', '{"transaction_id": "string", "status": "string", "amount": "number"}', '{"sandbox": 100, "uat": 500, "production": 2000}', 45000, true, 'bearer', '["sandbox"]', true, true, 'active', 'v1', NOW(), NOW()),

('api_neft_transfer', 'cat_digital_payments', 'Digital Payments', 'NEFT Transfer', '/payments/neft', 'POST', 'Execute NEFT (National Electronic Funds Transfer) for domestic bank transfers with batch processing support and status tracking', 'Process NEFT bank transfer', '[{"name": "beneficiary_account", "type": "string", "required": true, "description": "Beneficiary account number", "example": "1234567890"}, {"name": "ifsc_code", "type": "string", "required": true, "description": "Bank IFSC code", "example": "AUBL0002086"}, {"name": "amount", "type": "number", "required": true, "description": "Transfer amount", "example": 25000.00}]', '[{"name": "Authorization", "required": true, "description": "Bearer token", "example": "Bearer eyJhbGciOiJIUzI1NiIsInR5cCI6IkpXVCJ9..."}, {"name": "Content-Type", "required": true, "description": "Content type", "example": "application/json"}]', '[{"statusCode": 200, "description": "Transfer initiated successfully", "schema": {"transfer_id": "string", "status": "string", "amount": "number"}, "example": "{\\"transfer_id\\": \\"NEFT789123\\", \\"status\\": \\"INITIATED\\", \\"amount\\": 25000.00}"}]', '{"beneficiary_account": "1234567890", "ifsc_code": "AUBL0002086", "amount": 25000.00}', '{"transfer_id": "NEFT789123", "status": "INITIATED", "amount": 25000.00}', 'NEFT transfer API for domestic bank transfers', '["payments", "neft", "transfer"]', '{"transfer_id": "string", "status": "string", "amount": "number"}', '{"sandbox": 50, "uat": 200, "production": 1000}', 60000, true, 'bearer', '["sandbox"]', true, true, 'active', 'v1', NOW(), NOW()),

('api_rtgs_transfer', 'cat_digital_payments', 'Digital Payments', 'RTGS Transfer', '/payments/rtgs', 'POST', 'Real-time gross settlement for high-value transfers with immediate processing and confirmation for amounts above 2 lakhs', 'Process RTGS high-value transfer', '[{"name": "beneficiary_account", "type": "string", "required": true, "description": "Beneficiary account number", "example": "9876543210"}, {"name": "ifsc_code", "type": "string", "required": true, "description": "Bank IFSC code", "example": "AUBL0002086"}, {"name": "amount", "type": "number", "required": true, "description": "Transfer amount (min 2,00,000)", "example": 500000.00}]', '[{"name": "Authorization", "required": true, "description": "Bearer token", "example": "Bearer eyJhbGciOiJIUzI1NiIsInR5cCI6IkpXVCJ9..."}, {"name": "Content-Type", "required": true, "description": "Content type", "example": "application/json"}]', '[{"statusCode": 200, "description": "RTGS transfer completed", "schema": {"transfer_id": "string", "status": "string", "amount": "number"}, "example": "{\\"transfer_id\\": \\"RTGS789123\\", \\"status\\": \\"COMPLETED\\", \\"amount\\": 500000.00}"}]', '{"beneficiary_account": "9876543210", "ifsc_code": "AUBL0002086", "amount": 500000.00}', '{"transfer_id": "RTGS789123", "status": "COMPLETED", "amount": 500000.00}', 'RTGS API for real-time high-value fund transfers', '["payments", "rtgs", "high-value"]', '{"transfer_id": "string", "status": "string", "amount": "number"}', '{"sandbox": 20, "uat": 100, "production": 500}', 60000, true, 'bearer', '["sandbox"]', true, true, 'active', 'v1', NOW(), NOW());

-- CUSTOMER APIS (13) - Part 1
INSERT INTO api_endpoints (id, category_id, category, name, path, method, description, summary, parameters, headers, responses, request_example, response_example, documentation, tags, response_schema, rate_limits, timeout, requires_auth, auth_type, required_permissions, is_active, is_internal, status, version, created_at, updated_at) VALUES

('api_customer_360', 'cat_customer', 'Customer', 'Customer 360 Service', '/api/sandbox/customer360service', 'POST', 'Comprehensive customer information API providing complete customer profile, account details, and relationship information', 'Get complete customer profile data', '[{"name": "customerID", "type": "string", "required": true, "description": "Customer identification number", "example": "CUST123456"}]', '[{"name": "Authorization", "required": true, "description": "Bearer token for authentication", "example": "Bearer eyJhbGciOiJIUzI1NiIsInR5cCI6IkpXVCJ9..."}, {"name": "Content-Type", "required": true, "description": "Content type header", "example": "application/json"}]', '[{"statusCode": 200, "description": "Customer profile retrieved successfully", "schema": {"customerBasicInquiry": "object", "accountDetails": "array", "transactionStatus": "object"}, "example": "{\\"customerBasicInquiry\\": {\\"customerID\\": \\"CUST123456\\", \\"customerName\\": \\"John Doe\\", \\"mobileNumber\\": \\"9876543210\\"}, \\"accountDetails\\": [], \\"transactionStatus\\": {\\"status\\": \\"ACTIVE\\"}}"}]', '{"customerID": "CUST123456"}', '{"customerBasicInquiry": {"customerID": "CUST123456", "customerName": "John Doe", "mobileNumber": "9876543210"}, "accountDetails": [], "transactionStatus": {"status": "ACTIVE"}}', 'Retrieve comprehensive customer information including profile, accounts, and transaction status', '["customer", "profile"]', '{"customerBasicInquiry": "object", "accountDetails": "array", "transactionStatus": "object"}', '{"sandbox": 100, "uat": 500, "production": 1000}', 30000, true, 'bearer', '["sandbox"]', true, true, 'active', 'v1', NOW(), NOW()),

('api_kyc_verification', 'cat_customer', 'Customer', 'KYC Verification', '/api/kyc/verify', 'POST', 'Know Your Customer verification with document validation and identity checks', 'Verify customer identity and documents', '[{"name": "document_type", "type": "string", "required": true, "description": "Type of document for verification", "example": "AADHAAR"}, {"name": "document_number", "type": "string", "required": true, "description": "Document number", "example": "1234-5678-9012"}]', '[{"name": "Authorization", "required": true, "description": "Bearer token", "example": "Bearer eyJhbGciOiJIUzI1NiIsInR5cCI6IkpXVCJ9..."}, {"name": "Content-Type", "required": true, "description": "Content type", "example": "application/json"}]', '[{"statusCode": 200, "description": "KYC verification completed", "schema": {"verification_status": "string", "score": "number", "details": "object"}, "example": "{\\"verification_status\\": \\"VERIFIED\\", \\"score\\": 95, \\"details\\": {\\"name_match\\": true, \\"address_match\\": true\\"}}"}]', '{"document_type": "AADHAAR", "document_number": "1234-5678-9012"}', '{"verification_status": "VERIFIED", "score": 95, "details": {"name_match": true, "address_match": true}}', 'KYC verification API with document validation', '["customer", "kyc", "verification"]', '{"verification_status": "string", "score": "number", "details": "object"}', '{"sandbox": 50, "uat": 200, "production": 1000}', 45000, true, 'bearer', '["sandbox"]', true, true, 'active', 'v1', NOW(), NOW()),

('api_account_balance', 'cat_customer', 'Customer', 'Account Balance Inquiry', '/customer/balance', 'GET', 'Retrieve real-time account balance and available funds', 'Get account balance information', '[{"name": "account_number", "type": "string", "required": true, "description": "Account number", "example": "1234567890"}]', '[{"name": "Authorization", "required": true, "description": "Bearer token", "example": "Bearer eyJhbGciOiJIUzI1NiIsInR5cCI6IkpXVCJ9..."}]', '[{"statusCode": 200, "description": "Balance retrieved successfully", "schema": {"account_number": "string", "available_balance": "number", "currency": "string"}, "example": "{\\"account_number\\": \\"1234567890\\", \\"available_balance\\": 50000.00, \\"currency\\": \\"INR\\"}"}]', '', '{"account_number": "1234567890", "available_balance": 50000.00, "currency": "INR"}', 'Real-time account balance inquiry API', '["customer", "balance", "inquiry"]', '{"account_number": "string", "available_balance": "number", "currency": "string"}', '{"sandbox": 1000, "uat": 2000, "production": 10000}', 5000, true, 'bearer', '["sandbox"]', true, true, 'active', 'v1', NOW(), NOW()),

('api_aadhar_insert_token', 'cat_customer', 'Customer', 'Aadhar Vault - Insert Token', '/auth/otp/generate', 'POST', 'Generate One-Time Password for customer authentication', 'Generate OTP for customer verification', '[{"name": "clientId", "type": "string", "required": true, "description": "Client identifier", "example": "CLIENT123"}, {"name": "phoneNumber", "type": "string", "required": true, "description": "Customer phone number", "example": "9876543210"}]', '[{"name": "Authorization", "required": true, "description": "Bearer token", "example": "Bearer token123"}, {"name": "Content-Type", "required": true, "description": "Content type", "example": "application/json"}]', '[{"statusCode": 200, "description": "OTP generated successfully", "schema": {"status": "string", "otpId": "string"}, "example": "{\\"status\\": \\"success\\", \\"otpId\\": \\"OTP123456\\"}"}]', '{"clientId": "CLIENT123", "phoneNumber": "9876543210"}', '{"status": "success", "otpId": "OTP123456"}', 'Generate OTP for customer authentication and verification', '["customer", "authentication", "otp"]', '{"status": "string", "otpId": "string"}', '{"sandbox": 100, "uat": 500, "production": 1000}', 30000, true, 'bearer', '["sandbox"]', true, true, 'active', 'v1', NOW(), NOW()),

('api_aadhar_get_value', 'cat_customer', 'Customer', 'Aadhar Vault - Get Value', '/auth/otp/verify', 'GET', 'Verify One-Time Password for customer authentication', 'Verify OTP entered by customer', '[{"name": "otpId", "type": "string", "required": true, "description": "OTP identifier", "example": "OTP123456"}, {"name": "otp", "type": "string", "required": true, "description": "One-time password", "example": "123456"}]', '[{"name": "Authorization", "required": true, "description": "Bearer token", "example": "Bearer token123"}]', '[{"statusCode": 200, "description": "OTP verified successfully", "schema": {"verified": "boolean", "message": "string"}, "example": "{\\"verified\\": true, \\"message\\": \\"OTP verified successfully\\"}"}]', '', '{"verified": true, "message": "OTP verified successfully"}', 'Verify OTP for customer authentication', '["customer", "authentication", "verification"]', '{"verified": "boolean", "message": "string"}', '{"sandbox": 100, "uat": 500, "production": 1000}', 30000, true, 'bearer', '["sandbox"]', true, true, 'active', 'v1', NOW(), NOW()),

('api_aadhar_get_token', 'cat_customer', 'Customer', 'Aadhar Vault - Get Token', '/auth/otp/generate', 'POST', 'Generate One-Time Password for customer authentication', 'Generate OTP for secure customer verification', '[{"name": "clientId", "type": "string", "required": true, "description": "Client identifier", "example": "CLIENT123"}]', '[{"name": "Authorization", "required": true, "description": "Bearer token", "example": "Bearer token123"}]', '[{"statusCode": 200, "description": "Token generated successfully", "schema": {"token": "string", "expiresIn": "number"}, "example": "{\\"token\\": \\"TOKEN123456\\", \\"expiresIn\\": 3600}"}]', '{"clientId": "CLIENT123"}', '{"token": "TOKEN123456", "expiresIn": 3600}', 'Generate authentication token for customer verification', '["customer", "authentication", "token"]', '{"token": "string", "expiresIn": "number"}', '{"sandbox": 100, "uat": 500, "production": 1000}', 30000, true, 'bearer', '["sandbox"]', true, true, 'active', 'v1', NOW(), NOW());

-- CUSTOMER APIS (13) - Part 2
INSERT INTO api_endpoints (id, category_id, category, name, path, method, description, summary, parameters, headers, responses, request_example, response_example, documentation, tags, response_schema, rate_limits, timeout, requires_auth, auth_type, required_permissions, is_active, is_internal, status, version, created_at, updated_at) VALUES

('api_cibil_service', 'cat_customer', 'Customer', 'CIBIL Service', '/customer/cibil/check', 'POST', 'Check customer credit score and history through CIBIL integration', 'Retrieve customer credit information', '[{"name": "customerId", "type": "string", "required": true, "description": "Customer ID", "example": "CUST123"}, {"name": "panNumber", "type": "string", "required": true, "description": "PAN card number", "example": "ABCDE1234F"}]', '[{"name": "Authorization", "required": true, "description": "Bearer token", "example": "Bearer token123"}]', '[{"statusCode": 200, "description": "Credit score retrieved", "schema": {"score": "number", "grade": "string", "history": "array"}, "example": "{\\"score\\": 750, \\"grade\\": \\"GOOD\\", \\"history\\": []}"}]', '{"customerId": "CUST123", "panNumber": "ABCDE1234F"}', '{"score": 750, "grade": "GOOD", "history": []}', 'Retrieve customer credit score and history from CIBIL', '["customer", "credit", "cibil"]', '{"score": "number", "grade": "string", "history": "array"}', '{"sandbox": 50, "uat": 200, "production": 500}', 45000, true, 'bearer', '["sandbox"]', true, true, 'active', 'v1', NOW(), NOW()),

('api_cif_creation', 'cat_customer', 'Customer', 'CIF Creation Service', '/customer/cif/create', 'POST', 'Create Customer Information File (CIF) for new customer onboarding', 'Create new customer CIF record', '[{"name": "customerDetails", "type": "object", "required": true, "description": "Customer personal details", "example": "{\\"name\\": \\"John Doe\\", \\"email\\": \\"john@email.com\\"}"}, {"name": "address", "type": "object", "required": true, "description": "Customer address information", "example": "{\\"street\\": \\"123 Main St\\", \\"city\\": \\"Mumbai\\"}"}]', '[{"name": "Authorization", "required": true, "description": "Bearer token", "example": "Bearer token123"}]', '[{"statusCode": 201, "description": "CIF created successfully", "schema": {"cifNumber": "string", "customerId": "string"}, "example": "{\\"cifNumber\\": \\"CIF123456\\", \\"customerId\\": \\"CUST123\\"}"}]', '{"customerDetails": {"name": "John Doe", "email": "john@email.com"}, "address": {"street": "123 Main St", "city": "Mumbai"}}', '{"cifNumber": "CIF123456", "customerId": "CUST123"}', 'Create Customer Information File for new customer onboarding', '["customer", "onboarding", "cif"]', '{"cifNumber": "string", "customerId": "string"}', '{"sandbox": 100, "uat": 500, "production": 1000}', 60000, true, 'bearer', '["sandbox"]', true, true, 'active', 'v1', NOW(), NOW()),

('api_ckyc_search', 'cat_customer', 'Customer', 'CKYC Search', '/customer/ckyc/search', 'GET', 'Search customer records in Central KYC Registry', 'Search CKYC database for customer records', '[{"name": "ckycNumber", "type": "string", "required": true, "description": "CKYC identifier", "example": "CKYC123456"}, {"name": "searchType", "type": "string", "required": false, "description": "Type of search", "example": "PAN"}]', '[{"name": "Authorization", "required": true, "description": "Bearer token", "example": "Bearer token123"}]', '[{"statusCode": 200, "description": "CKYC records found", "schema": {"records": "array", "count": "number"}, "example": "{\\"records\\": [], \\"count\\": 0}"}]', '', '{"records": [], "count": 0}', 'Search Central KYC Registry for customer records', '["customer", "kyc", "search"]', '{"records": "array", "count": "number"}', '{"sandbox": 100, "uat": 500, "production": 1000}', 30000, true, 'bearer', '["sandbox"]', true, true, 'active', 'v1', NOW(), NOW()),

('api_customer_dedupe', 'cat_customer', 'Customer', 'Customer Dedupe Service', '/customer/dedupe', 'POST', 'Check for duplicate customer records to prevent multiple accounts', 'Deduplicate customer records', '[{"name": "customerData", "type": "object", "required": true, "description": "Customer data for deduplication", "example": "{\\"name\\": \\"John Doe\\", \\"dob\\": \\"1990-01-01\\"}"}, {"name": "checkType", "type": "string", "required": false, "description": "Type of check to perform", "example": "FULL"}]', '[{"name": "Authorization", "required": true, "description": "Bearer token", "example": "Bearer token123"}]', '[{"statusCode": 200, "description": "Deduplication check completed", "schema": {"isDuplicate": "boolean", "matches": "array"}, "example": "{\\"isDuplicate\\": false, \\"matches\\": []}"}]', '{"customerData": {"name": "John Doe", "dob": "1990-01-01"}, "checkType": "FULL"}', '{"isDuplicate": false, "matches": []}', 'Check for duplicate customer records in the system', '["customer", "deduplication", "validation"]', '{"isDuplicate": "boolean", "matches": "array"}', '{"sandbox": 100, "uat": 500, "production": 1000}', 45000, true, 'bearer', '["sandbox"]', true, true, 'active', 'v1', NOW(), NOW()),

('api_customer_image_upload', 'cat_customer', 'Customer', 'Customer Image Upload Service', '/customer/image/upload', 'POST', 'Upload and store customer images and documents securely', 'Upload customer images and documents', '[{"name": "customerId", "type": "string", "required": true, "description": "Customer identifier", "example": "CUST123"}, {"name": "imageType", "type": "string", "required": true, "description": "Type of image", "example": "PROFILE"}, {"name": "imageData", "type": "string", "required": true, "description": "Base64 encoded image", "example": "data:image/jpeg;base64,..."}]', '[{"name": "Authorization", "required": true, "description": "Bearer token", "example": "Bearer token123"}]', '[{"statusCode": 200, "description": "Image uploaded successfully", "schema": {"imageId": "string", "url": "string"}, "example": "{\\"imageId\\": \\"IMG123\\", \\"url\\": \\"/images/IMG123.jpg\\"}"}]', '{"customerId": "CUST123", "imageType": "PROFILE", "imageData": "data:image/jpeg;base64,..."}', '{"imageId": "IMG123", "url": "/images/IMG123.jpg"}', 'Upload and store customer images and documents', '["customer", "upload", "images"]', '{"imageId": "string", "url": "string"}', '{"sandbox": 50, "uat": 200, "production": 500}', 60000, true, 'bearer', '["sandbox"]', true, true, 'active', 'v1', NOW(), NOW()),

('api_posidex_ucic', 'cat_customer', 'Customer', 'POSIDEX - Fetch UCIC', '/customer/posidex/ucic', 'GET', 'Fetch Unique Customer Identification Code (UCIC) from POSIDEX system', 'Retrieve customer UCIC from POSIDEX', '[{"name": "customerId", "type": "string", "required": true, "description": "Customer identifier", "example": "CUST123"}, {"name": "searchCriteria", "type": "object", "required": false, "description": "Search criteria", "example": "{\\"type\\": \\"PAN\\"}"}]', '[{"name": "Authorization", "required": true, "description": "Bearer token", "example": "Bearer token123"}]', '[{"statusCode": 200, "description": "UCIC retrieved successfully", "schema": {"ucic": "string", "status": "string"}, "example": "{\\"ucic\\": \\"UCIC123456\\", \\"status\\": \\"ACTIVE\\"}"}]', '', '{"ucic": "UCIC123456", "status": "ACTIVE"}', 'Fetch Unique Customer Identification Code from POSIDEX system', '["customer", "posidex", "ucic"]', '{"ucic": "string", "status": "string"}', '{"sandbox": 100, "uat": 500, "production": 1000}', 30000, true, 'bearer', '["sandbox"]', true, true, 'active', 'v1', NOW(), NOW()),

('api_update_customer', 'cat_customer', 'Customer', 'Update Customer Details Service', '/customer/update', 'PUT', 'Update existing customer information and profile details', 'Update customer profile information', '[{"name": "customerId", "type": "string", "required": true, "description": "Customer identifier", "example": "CUST123"}, {"name": "updateFields", "type": "object", "required": true, "description": "Fields to update", "example": "{\\"email\\": \\"newemail@example.com\\"}"}]', '[{"name": "Authorization", "required": true, "description": "Bearer token", "example": "Bearer token123"}]', '[{"statusCode": 200, "description": "Customer updated successfully", "schema": {"success": "boolean", "updatedFields": "array"}, "example": "{\\"success\\": true, \\"updatedFields\\": [\\"email\\"]}"}]', '{"customerId": "CUST123", "updateFields": {"email": "newemail@example.com"}}', '{"success": true, "updatedFields": ["email"]}', 'Update existing customer profile information', '["customer", "update", "profile"]', '{"success": "boolean", "updatedFields": "array"}', '{"sandbox": 100, "uat": 500, "production": 1000}', 30000, true, 'bearer', '["sandbox"]', true, true, 'active', 'v1', NOW(), NOW());

-- LOANS APIS (2)
INSERT INTO api_endpoints (id, category_id, category, name, path, method, description, summary, parameters, headers, responses, request_example, response_example, documentation, tags, response_schema, rate_limits, timeout, requires_auth, auth_type, required_permissions, is_active, is_internal, status, version, created_at, updated_at) VALUES

('api_loan_application', 'cat_loans', 'Loans', 'Loan Application', '/loans/apply', 'POST', 'Submit loan application with automated eligibility check and instant pre-approval for eligible customers', 'Submit new loan application', '[{"name": "loan_type", "type": "string", "required": true, "description": "Type of loan", "example": "personal"}, {"name": "amount", "type": "number", "required": true, "description": "Loan amount requested", "example": 500000}, {"name": "tenure", "type": "number", "required": true, "description": "Loan tenure in months", "example": 60}]', '[{"name": "Authorization", "required": true, "description": "Bearer token", "example": "Bearer eyJhbGciOiJIUzI1NiIsInR5cCI6IkpXVCJ9..."}, {"name": "Content-Type", "required": true, "description": "Content type", "example": "application/json"}]', '[{"statusCode": 200, "description": "Application submitted successfully", "schema": {"application_id": "string", "status": "string", "eligibility": "object"}, "example": "{\\"application_id\\": \\"LOAN123456\\", \\"status\\": \\"UNDER_REVIEW\\", \\"eligibility\\": {\\"eligible\\": true, \\"max_amount\\": 600000}}"}]', '{"loan_type": "personal", "amount": 500000, "tenure": 60}', '{"application_id": "LOAN123456", "status": "UNDER_REVIEW", "eligibility": {"eligible": true, "max_amount": 600000}}', 'Loan application API with automated eligibility assessment', '["loans", "application", "eligibility"]', '{"application_id": "string", "status": "string", "eligibility": "object"}', '{"sandbox": 50, "uat": 200, "production": 1000}', 60000, true, 'bearer', '["sandbox"]', true, true, 'active', 'v1', NOW(), NOW()),

('api_loan_status', 'cat_loans', 'Loans', 'Loan Status Inquiry', '/loans/status', 'GET', 'Check current status of loan application or existing loan account with detailed progress tracking', 'Check loan application status', '[{"name": "application_id", "type": "string", "required": true, "description": "Loan application ID", "example": "LOAN123456"}]', '[{"name": "Authorization", "required": true, "description": "Bearer token", "example": "Bearer eyJhbGciOiJIUzI1NiIsInR5cCI6IkpXVCJ9..."}]', '[{"statusCode": 200, "description": "Status retrieved successfully", "schema": {"application_id": "string", "current_status": "string", "progress": "object"}, "example": "{\\"application_id\\": \\"LOAN123456\\", \\"current_status\\": \\"APPROVED\\", \\"progress\\": {\\"stage\\": \\"DISBURSEMENT\\", \\"percentage\\": 85}}"}]', '', '{"application_id": "LOAN123456", "current_status": "APPROVED", "progress": {"stage": "DISBURSEMENT", "percentage": 85}}', 'Loan status tracking API for applications and active loans', '["loans", "status", "tracking"]', '{"application_id": "string", "current_status": "string", "progress": "object"}', '{"sandbox": 200, "uat": 500, "production": 2000}', 30000, true, 'bearer', '["sandbox"]', true, true, 'active', 'v1', NOW(), NOW());

-- LIABILITIES APIS (2)
INSERT INTO api_endpoints (id, category_id, category, name, path, method, description, summary, parameters, headers, responses, request_example, response_example, documentation, tags, response_schema, rate_limits, timeout, requires_auth, auth_type, required_permissions, is_active, is_internal, status, version, created_at, updated_at) VALUES

('api_account_balance_liability', 'cat_liabilities', 'Liabilities', 'Account Balance', '/liabilities/balance', 'GET', 'Retrieve comprehensive account balance information including available balance, holds, and account status', 'Get detailed account balance', '[{"name": "account_number", "type": "string", "required": true, "description": "Account number", "example": "ACC123456789"}]', '[{"name": "Authorization", "required": true, "description": "Bearer token", "example": "Bearer eyJhbGciOiJIUzI1NiIsInR5cCI6IkpXVCJ9..."}]', '[{"statusCode": 200, "description": "Balance retrieved successfully", "schema": {"account_number": "string", "available_balance": "number", "total_balance": "number"}, "example": "{\\"account_number\\": \\"ACC123456789\\", \\"available_balance\\": 75000.00, \\"total_balance\\": 80000.00}"}]', '', '{"account_number": "ACC123456789", "available_balance": 75000.00, "total_balance": 80000.00}', 'Comprehensive account balance inquiry for liabilities', '["liabilities", "balance", "account"]', '{"account_number": "string", "available_balance": "number", "total_balance": "number"}', '{"sandbox": 500, "uat": 1000, "production": 5000}', 15000, true, 'bearer', '["sandbox"]', true, true, 'active', 'v1', NOW(), NOW()),

('api_fd_creation', 'cat_liabilities', 'Liabilities', 'Fixed Deposit Creation', '/liabilities/fd/create', 'POST', 'Create fixed deposit with competitive interest rates and flexible tenure options for wealth management', 'Create new fixed deposit', '[{"name": "amount", "type": "number", "required": true, "description": "FD amount", "example": 100000}, {"name": "tenure_months", "type": "number", "required": true, "description": "FD tenure in months", "example": 12}, {"name": "account_number", "type": "string", "required": true, "description": "Source account", "example": "ACC123456789"}]', '[{"name": "Authorization", "required": true, "description": "Bearer token", "example": "Bearer eyJhbGciOiJIUzI1NiIsInR5cCI6IkpXVCJ9..."}, {"name": "Content-Type", "required": true, "description": "Content type", "example": "application/json"}]', '[{"statusCode": 201, "description": "FD created successfully", "schema": {"fd_number": "string", "amount": "number", "interest_rate": "number", "maturity_date": "string"}, "example": "{\\"fd_number\\": \\"FD123456\\", \\"amount\\": 100000, \\"interest_rate\\": 6.5, \\"maturity_date\\": \\"2025-12-01\\"}"}]', '{"amount": 100000, "tenure_months": 12, "account_number": "ACC123456789"}', '{"fd_number": "FD123456", "amount": 100000, "interest_rate": 6.5, "maturity_date": "2025-12-01"}', 'Fixed deposit creation API with competitive interest rates', '["liabilities", "fd", "deposit"]', '{"fd_number": "string", "amount": "number", "interest_rate": "number", "maturity_date": "string"}', '{"sandbox": 100, "uat": 300, "production": 1000}', 45000, true, 'bearer', '["sandbox"]', true, true, 'active', 'v1', NOW(), NOW());

-- CARDS APIS (2)
INSERT INTO api_endpoints (id, category_id, category, name, path, method, description, summary, parameters, headers, responses, request_example, response_example, documentation, tags, response_schema, rate_limits, timeout, requires_auth, auth_type, required_permissions, is_active, is_internal, status, version, created_at, updated_at) VALUES

('api_card_application', 'cat_cards', 'Cards', 'Card Application', '/cards/apply', 'POST', 'Apply for credit or debit cards with instant eligibility check and digital card issuance capabilities', 'Submit card application', '[{"name": "card_type", "type": "string", "required": true, "description": "Type of card", "example": "credit"}, {"name": "variant", "type": "string", "required": true, "description": "Card variant", "example": "platinum"}, {"name": "customer_id", "type": "string", "required": true, "description": "Customer ID", "example": "CUST123456"}]', '[{"name": "Authorization", "required": true, "description": "Bearer token", "example": "Bearer eyJhbGciOiJIUzI1NiIsInR5cCI6IkpXVCJ9..."}, {"name": "Content-Type", "required": true, "description": "Content type", "example": "application/json"}]', '[{"statusCode": 200, "description": "Application submitted successfully", "schema": {"application_id": "string", "status": "string", "estimated_delivery": "string"}, "example": "{\\"application_id\\": \\"CARD123456\\", \\"status\\": \\"APPROVED\\", \\"estimated_delivery\\": \\"7-10 business days\\"}"}]', '{"card_type": "credit", "variant": "platinum", "customer_id": "CUST123456"}', '{"application_id": "CARD123456", "status": "APPROVED", "estimated_delivery": "7-10 business days"}', 'Card application API with instant approval for eligible customers', '["cards", "application", "credit"]', '{"application_id": "string", "status": "string", "estimated_delivery": "string"}', '{"sandbox": 100, "uat": 300, "production": 1000}', 60000, true, 'bearer', '["sandbox"]', true, true, 'active', 'v1', NOW(), NOW()),

('api_card_block_unblock', 'cat_cards', 'Cards', 'Card Block/Unblock', '/cards/control', 'POST', 'Block or unblock cards for security purposes with instant activation and real-time status updates', 'Block or unblock card', '[{"name": "card_number", "type": "string", "required": true, "description": "Card number (masked)", "example": "****-****-****-1234"}, {"name": "action", "type": "string", "required": true, "description": "Action to perform", "example": "block"}, {"name": "reason", "type": "string", "required": false, "description": "Reason for action", "example": "lost_card"}]', '[{"name": "Authorization", "required": true, "description": "Bearer token", "example": "Bearer eyJhbGciOiJIUzI1NiIsInR5cCI6IkpXVCJ9..."}, {"name": "Content-Type", "required": true, "description": "Content type", "example": "application/json"}]', '[{"statusCode": 200, "description": "Card action completed", "schema": {"card_number": "string", "status": "string", "action_timestamp": "string"}, "example": "{\\"card_number\\": \\"****-****-****-1234\\", \\"status\\": \\"BLOCKED\\", \\"action_timestamp\\": \\"2024-12-01T10:30:00Z\\"}"}]', '{"card_number": "****-****-****-1234", "action": "block", "reason": "lost_card"}', '{"card_number": "****-****-****-1234", "status": "BLOCKED", "action_timestamp": "2024-12-01T10:30:00Z"}', 'Card control API for blocking and unblocking operations', '["cards", "control", "security"]', '{"card_number": "string", "status": "string", "action_timestamp": "string"}', '{"sandbox": 200, "uat": 500, "production": 2000}', 30000, true, 'bearer', '["sandbox"]', true, true, 'active', 'v1', NOW(), NOW());

-- PAYMENTS APIS (2)
INSERT INTO api_endpoints (id, category_id, category, name, path, method, description, summary, parameters, headers, responses, request_example, response_example, documentation, tags, response_schema, rate_limits, timeout, requires_auth, auth_type, required_permissions, is_active, is_internal, status, version, created_at, updated_at) VALUES

('api_cnb_payment', 'cat_payments', 'Payments', 'CNB Payment Creation', '/payments/cnb', 'POST', 'Create CNB (Core Banking) payment transactions with multi-beneficiary support and batch processing capabilities', 'Create CNB payment transaction', '[{"name": "payment_type", "type": "string", "required": true, "description": "Type of payment", "example": "transfer"}, {"name": "amount", "type": "number", "required": true, "description": "Payment amount", "example": 50000.00}, {"name": "beneficiary", "type": "object", "required": true, "description": "Beneficiary details", "example": "{\\"account\\": \\"9876543210\\", \\"ifsc\\": \\"AUBL0002086\\"}"}]', '[{"name": "Authorization", "required": true, "description": "Bearer token", "example": "Bearer eyJhbGciOiJIUzI1NiIsInR5cCI6IkpXVCJ9..."}, {"name": "Content-Type", "required": true, "description": "Content type", "example": "application/json"}]', '[{"statusCode": 200, "description": "Payment created successfully", "schema": {"payment_id": "string", "status": "string", "reference_number": "string"}, "example": "{\\"payment_id\\": \\"CNB123456\\", \\"status\\": \\"INITIATED\\", \\"reference_number\\": \\"REF789123\\"}"}]', '{"payment_type": "transfer", "amount": 50000.00, "beneficiary": {"account": "9876543210", "ifsc": "AUBL0002086"}}', '{"payment_id": "CNB123456", "status": "INITIATED", "reference_number": "REF789123"}', 'CNB payment creation API for core banking transactions', '["payments", "cnb", "transfer"]', '{"payment_id": "string", "status": "string", "reference_number": "string"}', '{"sandbox": 100, "uat": 300, "production": 1500}', 45000, true, 'bearer', '["sandbox"]', true, true, 'active', 'v1', NOW(), NOW()),

('api_bulk_payment', 'cat_payments', 'Payments', 'Bulk Payment Processing', '/payments/bulk', 'POST', 'Process multiple payments in a single batch with comprehensive status tracking and error handling', 'Process bulk payments', '[{"name": "batch_id", "type": "string", "required": true, "description": "Unique batch identifier", "example": "BATCH_001"}, {"name": "payments", "type": "array", "required": true, "description": "Array of payment objects", "example": "[{\\"amount\\": 10000, \\"beneficiary\\": \\"ACC123456\\"}]"}, {"name": "execution_date", "type": "string", "required": false, "description": "Scheduled execution date", "example": "2024-12-15"}]', '[{"name": "Authorization", "required": true, "description": "Bearer token", "example": "Bearer eyJhbGciOiJIUzI1NiIsInR5cCI6IkpXVCJ9..."}, {"name": "Content-Type", "required": true, "description": "Content type", "example": "application/json"}]', '[{"statusCode": 200, "description": "Bulk payment initiated", "schema": {"batch_id": "string", "total_amount": "number", "payment_count": "number", "status": "string"}, "example": "{\\"batch_id\\": \\"BATCH_001\\", \\"total_amount\\": 150000.00, \\"payment_count\\": 15, \\"status\\": \\"PROCESSING\\"}"}]', '{"batch_id": "BATCH_001", "payments": [{"amount": 10000, "beneficiary": "ACC123456"}], "execution_date": "2024-12-15"}', '{"batch_id": "BATCH_001", "total_amount": 150000.00, "payment_count": 15, "status": "PROCESSING"}', 'Bulk payment processing API for enterprise payment operations', '["payments", "bulk", "batch"]', '{"batch_id": "string", "total_amount": "number", "payment_count": "number", "status": "string"}', '{"sandbox": 50, "uat": 100, "production": 500}', 120000, true, 'bearer', '["sandbox"]', true, true, 'active', 'v1', NOW(), NOW());

-- TRADE SERVICES APIS (2)
INSERT INTO api_endpoints (id, category_id, category, name, path, method, description, summary, parameters, headers, responses, request_example, response_example, documentation, tags, response_schema, rate_limits, timeout, requires_auth, auth_type, required_permissions, is_active, is_internal, status, version, created_at, updated_at) VALUES

('api_letter_of_credit', 'cat_trade_services', 'Trade Services', 'Letter of Credit', '/trade/lc', 'POST', 'Issue Letters of Credit for international trade financing with automated compliance checks and document management', 'Issue Letter of Credit', '[{"name": "lc_type", "type": "string", "required": true, "description": "Type of LC", "example": "sight"}, {"name": "amount", "type": "number", "required": true, "description": "LC amount", "example": 1000000.00}, {"name": "beneficiary", "type": "object", "required": true, "description": "Beneficiary bank details", "example": "{\\"name\\": \\"ICBC Bank\\", \\"swift\\": \\"ICBKCNBJ\\"}"}]', '[{"name": "Authorization", "required": true, "description": "Bearer token", "example": "Bearer eyJhbGciOiJIUzI1NiIsInR5cCI6IkpXVCJ9..."}, {"name": "Content-Type", "required": true, "description": "Content type", "example": "application/json"}]', '[{"statusCode": 200, "description": "LC issued successfully", "schema": {"lc_number": "string", "status": "string", "expiry_date": "string"}, "example": "{\\"lc_number\\": \\"LC123456\\", \\"status\\": \\"ISSUED\\", \\"expiry_date\\": \\"2025-06-01\\"}"}]', '{"lc_type": "sight", "amount": 1000000.00, "beneficiary": {"name": "ICBC Bank", "swift": "ICBKCNBJ"}}', '{"lc_number": "LC123456", "status": "ISSUED", "expiry_date": "2025-06-01"}', 'Letter of Credit issuance API for trade finance operations', '["trade", "lc", "international"]', '{"lc_number": "string", "status": "string", "expiry_date": "string"}', '{"sandbox": 20, "uat": 50, "production": 200}', 90000, true, 'bearer', '["uat"]', true, true, 'active', 'v1', NOW(), NOW()),

('api_bank_guarantee', 'cat_trade_services', 'Trade Services', 'Bank Guarantee Issuance', '/trade/bg', 'POST', 'Issue Bank Guarantees for performance and financial guarantees with automated risk assessment and approval workflows', 'Issue Bank Guarantee', '[{"name": "guarantee_type", "type": "string", "required": true, "description": "Type of guarantee", "example": "performance"}, {"name": "amount", "type": "number", "required": true, "description": "Guarantee amount", "example": 2000000.00}, {"name": "validity_period", "type": "number", "required": true, "description": "Validity in days", "example": 365}]', '[{"name": "Authorization", "required": true, "description": "Bearer token", "example": "Bearer eyJhbGciOiJIUzI1NiIsInR5cCI6IkpXVCJ9..."}, {"name": "Content-Type", "required": true, "description": "Content type", "example": "application/json"}]', '[{"statusCode": 200, "description": "Guarantee issued successfully", "schema": {"guarantee_number": "string", "status": "string", "issue_date": "string", "expiry_date": "string"}, "example": "{\\"guarantee_number\\": \\"BG123456\\", \\"status\\": \\"ACTIVE\\", \\"issue_date\\": \\"2024-12-01\\", \\"expiry_date\\": \\"2025-12-01\\"}"}]', '{"guarantee_type": "performance", "amount": 2000000.00, "validity_period": 365}', '{"guarantee_number": "BG123456", "status": "ACTIVE", "issue_date": "2024-12-01", "expiry_date": "2025-12-01"}', 'Bank Guarantee issuance API for trade and commercial operations', '["trade", "guarantee", "commercial"]', '{"guarantee_number": "string", "status": "string", "issue_date": "string", "expiry_date": "string"}', '{"sandbox": 20, "uat": 50, "production": 200}', 90000, true, 'bearer', '["uat"]', true, true, 'active', 'v1', NOW(), NOW());

-- CORPORATE API SUITE (3)
INSERT INTO api_endpoints (id, category_id, category, name, path, method, description, summary, parameters, headers, responses, request_example, response_example, documentation, tags, response_schema, rate_limits, timeout, requires_auth, auth_type, required_permissions, is_active, is_internal, status, version, created_at, updated_at) VALUES

('api_corporate_bulk_payments', 'cat_corporate', 'Corporate API Suite', 'Bulk Payments', '/corporate/payments/bulk', 'POST', 'Enterprise-grade bulk payment processing with advanced scheduling, approval workflows, and comprehensive reporting', 'Process enterprise bulk payments', '[{"name": "corporate_id", "type": "string", "required": true, "description": "Corporate client ID", "example": "CORP_001"}, {"name": "batch_reference", "type": "string", "required": true, "description": "Batch reference number", "example": "CORP_BATCH_001"}, {"name": "payments", "type": "array", "required": true, "description": "Array of payment instructions", "example": "[{\\"beneficiary_account\\": \\"ACC123\\", \\"amount\\": 50000}]"}]', '[{"name": "Authorization", "required": true, "description": "Bearer token", "example": "Bearer eyJhbGciOiJIUzI1NiIsInR5cCI6IkpXVCJ9..."}, {"name": "Content-Type", "required": true, "description": "Content type", "example": "application/json"}, {"name": "X-Corporate-ID", "required": true, "description": "Corporate identifier", "example": "CORP_001"}]', '[{"statusCode": 200, "description": "Bulk payment batch created", "schema": {"batch_id": "string", "total_amount": "number", "payment_count": "number", "status": "string", "estimated_completion": "string"}, "example": "{\\"batch_id\\": \\"CORP_BATCH_001\\", \\"total_amount\\": 5000000.00, \\"payment_count\\": 100, \\"status\\": \\"QUEUED\\", \\"estimated_completion\\": \\"2024-12-02T14:00:00Z\\"}"}]', '{"corporate_id": "CORP_001", "batch_reference": "CORP_BATCH_001", "payments": [{"beneficiary_account": "ACC123", "amount": 50000}]}', '{"batch_id": "CORP_BATCH_001", "total_amount": 5000000.00, "payment_count": 100, "status": "QUEUED", "estimated_completion": "2024-12-02T14:00:00Z"}', 'Enterprise bulk payment processing with advanced scheduling capabilities', '["corporate", "bulk", "enterprise"]', '{"batch_id": "string", "total_amount": "number", "payment_count": "number", "status": "string", "estimated_completion": "string"}', '{"sandbox": 10, "uat": 30, "production": 100}', 180000, true, 'bearer', '["uat"]', true, true, 'active', 'v1', NOW(), NOW()),

('api_corporate_statement', 'cat_corporate', 'Corporate API Suite', 'Corporate Account Statement', '/corporate/accounts/statement', 'GET', 'Generate comprehensive account statements for corporate clients with customizable date ranges and export formats', 'Generate corporate account statement', '[{"name": "account_number", "type": "string", "required": true, "description": "Corporate account number", "example": "CORP_ACC_001"}, {"name": "start_date", "type": "string", "required": true, "description": "Statement start date", "example": "2024-11-01"}, {"name": "end_date", "type": "string", "required": true, "description": "Statement end date", "example": "2024-11-30"}, {"name": "format", "type": "string", "required": false, "description": "Export format", "example": "pdf"}]', '[{"name": "Authorization", "required": true, "description": "Bearer token", "example": "Bearer eyJhbGciOiJIUzI1NiIsInR5cCI6IkpXVCJ9..."}, {"name": "X-Corporate-ID", "required": true, "description": "Corporate identifier", "example": "CORP_001"}]', '[{"statusCode": 200, "description": "Statement generated successfully", "schema": {"statement_id": "string", "account_number": "string", "period": "object", "transaction_count": "number", "download_url": "string"}, "example": "{\\"statement_id\\": \\"STMT_001\\", \\"account_number\\": \\"CORP_ACC_001\\", \\"period\\": {\\"start\\": \\"2024-11-01\\", \\"end\\": \\"2024-11-30\\"}, \\"transaction_count\\": 1250, \\"download_url\\": \\"/statements/STMT_001.pdf\\"}"}]', '', '{"statement_id": "STMT_001", "account_number": "CORP_ACC_001", "period": {"start": "2024-11-01", "end": "2024-11-30"}, "transaction_count": 1250, "download_url": "/statements/STMT_001.pdf"}', 'Corporate account statement generation with multiple export formats', '["corporate", "statement", "reporting"]', '{"statement_id": "string", "account_number": "string", "period": "object", "transaction_count": "number", "download_url": "string"}', '{"sandbox": 50, "uat": 100, "production": 500}', 120000, true, 'bearer', '["uat"]', true, true, 'active', 'v1', NOW(), NOW()),

('api_treasury_management', 'cat_corporate', 'Corporate API Suite', 'Treasury Management', '/corporate/treasury', 'POST', 'Advanced treasury management services for corporate cash flow optimization, liquidity management, and investment strategies', 'Corporate treasury management operations', '[{"name": "operation_type", "type": "string", "required": true, "description": "Treasury operation type", "example": "cash_positioning"}, {"name": "accounts", "type": "array", "required": true, "description": "Account numbers for operation", "example": "[\\"CORP_ACC_001\\", \\"CORP_ACC_002\\"]"}, {"name": "parameters", "type": "object", "required": true, "description": "Operation specific parameters", "example": "{\\"target_balance\\": 1000000, \\"sweep_threshold\\": 500000}"}]', '[{"name": "Authorization", "required": true, "description": "Bearer token", "example": "Bearer eyJhbGciOiJIUzI1NiIsInR5cCI6IkpXVCJ9..."}, {"name": "Content-Type", "required": true, "description": "Content type", "example": "application/json"}, {"name": "X-Corporate-ID", "required": true, "description": "Corporate identifier", "example": "CORP_001"}]', '[{"statusCode": 200, "description": "Treasury operation executed", "schema": {"operation_id": "string", "status": "string", "execution_summary": "object", "recommendations": "array"}, "example": "{\\"operation_id\\": \\"TREAS_001\\", \\"status\\": \\"COMPLETED\\", \\"execution_summary\\": {\\"accounts_processed\\": 5, \\"total_amount_moved\\": 2500000}, \\"recommendations\\": [\\"Consider overnight sweep for ACC_002\\"]}"}]', '{"operation_type": "cash_positioning", "accounts": ["CORP_ACC_001", "CORP_ACC_002"], "parameters": {"target_balance": 1000000, "sweep_threshold": 500000}}', '{"operation_id": "TREAS_001", "status": "COMPLETED", "execution_summary": {"accounts_processed": 5, "total_amount_moved": 2500000}, "recommendations": ["Consider overnight sweep for ACC_002"]}', 'Advanced treasury management API for corporate cash optimization', '["corporate", "treasury", "cash_management"]', '{"operation_id": "string", "status": "string", "execution_summary": "object", "recommendations": "array"}', '{"sandbox": 20, "uat": 50, "production": 200}', 150000, true, 'bearer', '["uat"]', true, true, 'active', 'v1', NOW(), NOW());

-- =============================================================================
-- APPLICATIONS TABLE (Sample internal projects)
-- =============================================================================

INSERT INTO applications (id, developer_id, name, description, project_type, environment, status, configuration, created_at, updated_at) VALUES
('app_001', 'dev_001', 'Payment Gateway Integration', 'Integration project for UPI and NEFT payment systems', 'integration', 'sandbox', 'active', '{"payment_methods": ["UPI", "NEFT"], "test_mode": true}', NOW(), NOW()),
('app_002', 'dev_002', 'Customer Onboarding Portal', 'Web portal for digital customer onboarding and KYC', 'internal', 'uat', 'active', '{"features": ["KYC", "Document Upload", "Video Call"], "version": "2.1"}', NOW(), NOW()),
('app_003', 'dev_admin_001', 'API Testing Suite', 'Comprehensive testing suite for all banking APIs', 'testing', 'sandbox', 'active', '{"test_coverage": 95, "automated": true}', NOW(), NOW());

-- =============================================================================
-- API USAGE TABLE (Sample usage statistics)
-- =============================================================================

INSERT INTO api_usage (id, developer_id, application_id, endpoint_id, request_count, success_count, error_count, total_response_time, environment, month, date) VALUES
('usage_001', 'dev_001', 'app_001', 'api_upi_payment', 1250, 1200, 50, 45000, 'sandbox', '2024-12', NOW()),
('usage_002', 'dev_001', 'app_001', 'api_neft_transfer', 850, 820, 30, 52000, 'sandbox', '2024-12', NOW()),
('usage_003', 'dev_002', 'app_002', 'api_kyc_verification', 650, 630, 20, 38000, 'uat', '2024-12', NOW()),
('usage_004', 'dev_002', 'app_002', 'api_customer_360', 950, 940, 10, 41000, 'uat', '2024-12', NOW()),
('usage_005', 'dev_admin_001', 'app_003', 'api_oauth_token', 2500, 2480, 20, 15000, 'sandbox', '2024-12', NOW());

-- =============================================================================
-- API TOKENS TABLE (Developer API keys)
-- =============================================================================

INSERT INTO api_tokens (id, developer_id, name, token, permissions, environment, expires_at, is_active, created_at, updated_at) VALUES
('token_001', 'dev_001', 'Payment Integration Token', 'ak_payment_12345678901234567890abcd', '["payments", "transfers"]', 'sandbox', '2025-12-01 00:00:00', true, NOW(), NOW()),
('token_002', 'dev_002', 'Customer Portal Token', 'ak_customer_12345678901234567890abcd', '["customer", "kyc"]', 'uat', '2025-12-01 00:00:00', true, NOW(), NOW()),
('token_003', 'dev_admin_001', 'Admin Testing Token', 'ak_admin_testing_1234567890abcdef', '["*"]', 'sandbox', '2025-12-01 00:00:00', true, NOW(), NOW());

-- =============================================================================
-- AUDIT LOGS TABLE (Sample audit entries)
-- =============================================================================

INSERT INTO audit_logs (id, user_id, action, resource, resource_id, details, ip_address, user_agent, timestamp) VALUES
('audit_001', 'usr_admin_001', 'login_success', 'auth', NULL, '{"email": "admin@aubank.in", "session_duration": "8h"}', '192.168.1.100', 'Mozilla/5.0 (Windows NT 10.0; Win64; x64) AppleWebKit/537.36', NOW()),
('audit_002', 'usr_dev_001', 'api_call', 'api_endpoint', 'api_upi_payment', '{"method": "POST", "response_time": 350, "status": 200}', '192.168.1.101', 'PostmanRuntime/7.29.0', NOW()),
('audit_003', 'usr_admin_001', 'config_change', 'api_endpoint', 'api_oauth_token', '{"field": "rate_limits", "old_value": {"sandbox": 50}, "new_value": {"sandbox": 100}}', '192.168.1.100', 'Mozilla/5.0 (Windows NT 10.0; Win64; x64) AppleWebKit/537.36', NOW()),
('audit_004', 'usr_dev_002', 'token_generated', 'api_token', 'token_002', '{"token_name": "Customer Portal Token", "permissions": ["customer", "kyc"]}', '192.168.1.102', 'Mozilla/5.0 (Macintosh; Intel Mac OS X 10_15_7) AppleWebKit/537.36', NOW());

-- =============================================================================
-- CORPORATE REGISTRATIONS TABLE (Sample corporate applications)
-- =============================================================================

INSERT INTO corporate_registrations (id, company_name, account_number, email, contact_person, status, created_at) VALUES
('corp_reg_001', 'TechCorp Solutions Pvt Ltd', 'CORP123456789', 'finance@techcorp.in', 'Rajesh Kumar', 'verified', NOW()),
('corp_reg_002', 'Global Trading Inc', 'CORP987654321', 'admin@globaltrading.com', 'Sarah Johnson', 'pending', NOW()),
('corp_reg_003', 'Manufacturing Enterprises Ltd', 'CORP456789123', 'accounts@manufacturing.in', 'Amit Sharma', 'verified', NOW());

-- =============================================================================
-- VERIFICATION AND VALIDATION QUERIES
-- =============================================================================

-- Verify data insertion
-- SELECT 'Users' as table_name, COUNT(*) as record_count FROM users
-- UNION ALL
-- SELECT 'Developers', COUNT(*) FROM developers
-- UNION ALL
-- SELECT 'API Categories', COUNT(*) FROM api_categories
-- UNION ALL
-- SELECT 'API Endpoints', COUNT(*) FROM api_endpoints
-- UNION ALL
-- SELECT 'Applications', COUNT(*) FROM applications
-- UNION ALL
-- SELECT 'API Usage', COUNT(*) FROM api_usage
-- UNION ALL
-- SELECT 'API Tokens', COUNT(*) FROM api_tokens
-- UNION ALL
-- SELECT 'Audit Logs', COUNT(*) FROM audit_logs
-- UNION ALL
-- SELECT 'Corporate Registrations', COUNT(*) FROM corporate_registrations;

-- =============================================================================
-- END OF SEED SCRIPT
-- =============================================================================

-- Summary:
-- - 4 Users (1 admin, 2 developers, 1 manager)
-- - 3 Developer profiles
-- - 9 API Categories (Authentication, Digital Payments, Customer, Loans, Liabilities, Cards, Payments, Trade Services, Corporate)
-- - 32 API Endpoints (complete banking API portfolio)
-- - 3 Sample applications
-- - 5 API usage records
-- - 3 API tokens
-- - 4 Audit log entries
-- - 3 Corporate registration records
--
-- Total: 62 records across all tables
-- All APIs include comprehensive documentation, parameters, headers, responses, and sandbox configurations
-- Default admin credentials: admin@aubank.in / aubank2024 (password hash provided)